{"((21.0122287, 52.2296756), (21.039047071791444, 52.340219399999995))": 17.2617, "((20.99449596593258, 52.264777050000006), (21.0122287, 52.2296756))": 4.602399999999999, "((20.875453899263867, 52.251015100000004), (21.0122287, 52.2296756))": 13.2951, "((21.0122287, 52.2296756), (21.104317092091865, 52.22797575))": 8.3039, "((21.0122287, 52.2296756), (21.15699043948809, 52.2270877))": 10.9261, "((21.0122287, 52.2296756), (21.16740489662162, 52.26358145))": 13.4632, "((21.0122287, 52.2296756), (21.230036487366938, 52.219648899999996))": 16.2986, "((21.0122287, 52.2296756), (21.1378128865858, 52.219671149999996))": 10.6045, "((21.0122287, 52.2296756), (21.04741133873886, 52.30080885))": 12.9674, "((21.0122287, 52.2296756), (21.066611889779587, 52.144974399999995))": 12.4517, "((21.0122287, 52.2296756), (21.05635446532932, 52.320434500000005))": 16.0433, "((21.0122287, 52.2296756), (21.1174563, 52.272275))": 12.6309, "((20.93004277864478, 52.24006455), (21.0122287, 52.2296756))": 7.2586, "((20.948304617029358, 52.2020118), (21.0122287, 52.2296756))": 6.288399999999999, "((20.943715934663448, 52.33269905), (21.0122287, 52.2296756))": 16.6279, "((21.0122287, 52.2296756), (21.020703656112165, 52.1494756))": 10.458200000000001, "((21.0122287, 52.2296756), (21.048908458955225, 52.131261800000004))": 13.6305, "((21.0122287, 52.2296756), (21.209116991423908, 52.168085000000005))": 17.8365, "((21.0122287, 52.2296756), (21.136200671970713, 52.202878600000005))": 10.7519, "((20.944542909771783, 52.239396799999994), (21.0122287, 52.2296756))": 5.7584, "((21.0122287, 52.2296756), (21.067905931389063, 52.17347205))": 8.9759, "((20.977327567225025, 52.3444801), (21.0122287, 52.2296756))": 16.5843, "((21.0122287, 52.2296756), (21.22407060302659, 52.2209074))": 15.944600000000001, "((21.0122287, 52.2296756), (21.07891872550328, 52.13327155))": 13.771700000000001, "((21.0122287, 52.2296756), (21.025424100426523, 52.1933478))": 4.502, "((21.0122287, 52.2296756), (21.160192707391424, 52.25789455))": 12.2222, "((20.916394398987734, 52.2360707), (21.0122287, 52.2296756))": 8.1392, "((21.0122287, 52.2296756), (21.147704653195717, 52.2295924))": 11.3397, "((21.0122287, 52.2296756), (21.22736018785608, 52.250515))": 17.2532, "((21.0122287, 52.2296756), (21.240269353890305, 52.25037095))": 18.2193, "((21.0122287, 52.2296756), (21.063721573571428, 52.1774453))": 8.8191, "((21.0122287, 52.2296756), (21.054215551912506, 52.236904))": 3.1699, "((21.0122287, 52.2296756), (21.158370990462146, 52.22096065))": 11.4167, "((21.0122287, 52.2296756), (21.092130896724427, 52.1933291))": 8.6371, "((20.931546285622797, 52.284638900000004), (21.0122287, 52.2296756))": 10.4041, "((20.8867619, 52.2141873), (21.0122287, 52.2296756))": 9.4632, "((21.0122287, 52.2296756), (21.073080835702566, 52.33825695))": 21.502299999999998, "((21.0122287, 52.2296756), (21.244580999238295, 52.21296705))": 17.885, "((21.0122287, 52.2296756), (21.180158691510442, 52.18665595))": 15.162700000000001, "((21.0122287, 52.2296756), (21.075580723140497, 52.173367999999996))": 9.1987, "((20.99449596593258, 52.264777050000006), (21.039047071791444, 52.340219399999995))": 13.7405, "((20.875453899263867, 52.251015100000004), (21.039047071791444, 52.340219399999995))": 19.076, "((21.039047071791444, 52.340219399999995), (21.104317092091865, 52.22797575))": 21.329099999999997, "((21.039047071791444, 52.340219399999995), (21.15699043948809, 52.2270877))": 19.679, "((21.039047071791444, 52.340219399999995), (21.16740489662162, 52.26358145))": 16.8816, "((21.039047071791444, 52.340219399999995), (21.230036487366938, 52.219648899999996))": 25.5641, "((21.039047071791444, 52.340219399999995), (21.1378128865858, 52.219671149999996))": 20.640900000000002, "((21.039047071791444, 52.340219399999995), (21.04741133873886, 52.30080885))": 6.6903999999999995, "((21.039047071791444, 52.340219399999995), (21.066611889779587, 52.144974399999995))": 42.083, "((21.039047071791444, 52.340219399999995), (21.05635446532932, 52.320434500000005))": 3.3394, "((21.039047071791444, 52.340219399999995), (21.1174563, 52.272275))": 12.679, "((20.93004277864478, 52.24006455), (21.039047071791444, 52.340219399999995))": 17.62, "((20.948304617029358, 52.2020118), (21.039047071791444, 52.340219399999995))": 20.1951, "((20.943715934663448, 52.33269905), (21.039047071791444, 52.340219399999995))": 9.524, "((21.020703656112165, 52.1494756), (21.039047071791444, 52.340219399999995))": 39.0077, "((21.039047071791444, 52.340219399999995), (21.048908458955225, 52.131261800000004))": 41.2704, "((21.039047071791444, 52.340219399999995), (21.209116991423908, 52.168085000000005))": 28.041900000000002, "((21.039047071791444, 52.340219399999995), (21.136200671970713, 52.202878600000005))": 22.7073, "((20.944542909771783, 52.239396799999994), (21.039047071791444, 52.340219399999995))": 16.119799999999998, "((21.039047071791444, 52.340219399999995), (21.067905931389063, 52.17347205))": 23.251900000000003, "((20.977327567225025, 52.3444801), (21.039047071791444, 52.340219399999995))": 7.8384, "((21.039047071791444, 52.340219399999995), (21.22407060302659, 52.2209074))": 25.21, "((21.039047071791444, 52.340219399999995), (21.07891872550328, 52.13327155))": 43.0114, "((21.025424100426523, 52.1933478), (21.039047071791444, 52.340219399999995))": 22.236099999999997, "((21.039047071791444, 52.340219399999995), (21.160192707391424, 52.25789455))": 16.876, "((20.916394398987734, 52.2360707), (21.039047071791444, 52.340219399999995))": 19.1289, "((21.039047071791444, 52.340219399999995), (21.147704653195717, 52.2295924))": 18.9485, "((21.039047071791444, 52.340219399999995), (21.22736018785608, 52.250515))": 21.9071, "((21.039047071791444, 52.340219399999995), (21.240269353890305, 52.25037095))": 22.873099999999997, "((21.039047071791444, 52.340219399999995), (21.063721573571428, 52.1774453))": 23.095, "((21.039047071791444, 52.340219399999995), (21.054215551912506, 52.236904))": 15.1684, "((21.039047071791444, 52.340219399999995), (21.158370990462146, 52.22096065))": 20.2166, "((21.039047071791444, 52.340219399999995), (21.092130896724427, 52.1933291))": 22.913, "((20.931546285622797, 52.284638900000004), (21.039047071791444, 52.340219399999995))": 14.223, "((20.8867619, 52.2141873), (21.039047071791444, 52.340219399999995))": 23.2211, "((21.039047071791444, 52.340219399999995), (21.073080835702566, 52.33825695))": 2.9097, "((21.039047071791444, 52.340219399999995), (21.244580999238295, 52.21296705))": 27.1505, "((21.039047071791444, 52.340219399999995), (21.180158691510442, 52.18665595))": 25.557, "((21.039047071791444, 52.340219399999995), (21.075580723140497, 52.173367999999996))": 23.4746, "((20.875453899263867, 52.251015100000004), (20.99449596593258, 52.264777050000006))": 10.2911, "((20.99449596593258, 52.264777050000006), (21.104317092091865, 52.22797575))": 12.3442, "((20.99449596593258, 52.264777050000006), (21.15699043948809, 52.2270877))": 14.710799999999999, "((20.99449596593258, 52.264777050000006), (21.16740489662162, 52.26358145))": 15.3411, "((20.99449596593258, 52.264777050000006), (21.230036487366938, 52.219648899999996))": 20.0834, "((20.99449596593258, 52.264777050000006), (21.1378128865858, 52.219671149999996))": 14.6448, "((20.99449596593258, 52.264777050000006), (21.04741133873886, 52.30080885))": 9.2113, "((20.99449596593258, 52.264777050000006), (21.066611889779587, 52.144974399999995))": 33.2981, "((20.99449596593258, 52.264777050000006), (21.05635446532932, 52.320434500000005))": 12.2875, "((20.99449596593258, 52.264777050000006), (21.1174563, 52.272275))": 13.024899999999999, "((20.93004277864478, 52.24006455), (20.99449596593258, 52.264777050000006))": 7.8614, "((20.948304617029358, 52.2020118), (20.99449596593258, 52.264777050000006))": 10.007100000000001, "((20.943715934663448, 52.33269905), (20.99449596593258, 52.264777050000006))": 12.0094, "((20.99449596593258, 52.264777050000006), (21.020703656112165, 52.1494756))": 30.2228, 